<odoo>
    <data>
        <!-- Datos de ejemplo para el modelo de Bonos -->
        <record id="demo_bono_orden_y_limpieza" model="hr.employee.bonus">
            <field name="name">orden_y_limpieza</field>
            <field name="value">0.05</field>
            <field name="employee_id" ref="hr.employee_demo"/> <!-- Suponiendo que ya existe un empleado de demo -->
        </record>
        
        <record id="demo_bono_puntualidad" model="hr.employee.bonus">
            <field name="name">puntualidad</field>
            <field name="value">0.05</field>
            <field name="employee_id" ref="hr.employee_demo"/>
        </record>
    </data>
</odoo>
